PID,Name,Gender,DOB
1,中村 七夏,F,2015-04-11
2,山田 涼平,M,1967-09-05
3,田中 直人,F,1973-10-16
4,池田 七夏,M,1951-05-13
5,山本 真綾,M,1961-05-12
6,林 陽一,M,2019-04-11
7,林 さゆり,M,1983-04-07
8,石川 和也,F,2022-10-22
9,太田 舞,M,1963-03-15
10,小川 桃子,F,2008-09-17
11,福田 直人,M,2020-10-24
12,後藤 さゆり,F,1973-10-14
13,渡辺 加奈,F,2008-02-05
14,中村 智也,F,2016-04-27
15,佐々木 裕樹,F,2005-10-19
16,石川 香織,F,2008-04-07
17,渡辺 康弘,F,2011-05-25
18,小林 幹,M,1975-02-12
19,中村 充,F,1967-01-11
20,山下 春香,F,1965-09-17
21,加藤 明美,F,2001-10-30
22,山田 学,M,1962-07-26
23,山田 美加子,F,1977-01-10
24,佐藤 晃,M,1962-04-26
25,山本 さゆり,M,1998-10-05
26,加藤 裕太,M,2007-03-02
27,山本 稔,M,1953-09-17
28,山口 篤司,M,1958-10-19
29,松本 あすか,F,1961-01-10
30,加藤 明美,M,2004-10-11
31,伊藤 翔太,M,2016-12-22
32,田中 裕美子,F,2016-08-18
33,前田 充,M,1976-08-14
34,佐藤 舞,F,1965-01-14
35,佐藤 くみ子,F,1985-01-01
36,吉田 治,F,2019-12-29
37,斉藤 治,F,1990-01-14
38,佐藤 美加子,F,1999-04-26
39,松本 亮介,M,1994-03-28
40,高橋 和也,M,2015-05-16
41,木村 聡太郎,F,1957-07-04
42,岡田 春香,F,1982-09-22
43,鈴木 幹,M,1979-11-29
44,伊藤 知実,M,2016-04-05
45,村上 健一,M,1991-04-10
46,中村 学,M,1970-03-27
47,高橋 陽子,M,1974-09-03
48,森 康弘,M,1977-01-13
49,池田 くみ子,F,1954-02-05
50,遠藤 結衣,F,1989-07-19
